Country,1980,1981,1982,1983,1984,1985,1986,1987,1988,1989,1990,1991,1992,1993,1994,1995,1996,1997,1998,1999,2000,2001,2002,2003,2004,2005,2006,2007,2008,2009,2010,2011,2012,2013,2014,2015,2016,2017,2018,2019,2020,2021,2022,2023,Estimates Start After
Afghanistan,n/a,n/a,n/a,n/a,n/a,n/a,n/a,n/a,n/a,n/a,n/a,n/a,n/a,n/a,n/a,n/a,n/a,n/a,n/a,n/a,n/a,n/a,4.367,4.553,5.146,6.167,6.925,8.556,10.297,12.066,15.325,17.89,20.293,20.17,20.616,20.079,19.454,20.889,21.657,22.925,24.244,25.86,27.783,30,2016
Albania,1.946,2.229,2.296,2.319,2.29,2.339,2.587,2.566,2.53,2.779,2.221,1.333,0.843,1.461,2.361,2.882,3.2,2.259,2.56,3.209,3.483,3.928,4.348,5.611,7.185,8.052,8.905,10.675,12.901,12.093,11.938,12.896,12.323,12.784,13.246,11.338,11.865,13.181,15.289,16.146,17.316,18.547,19.89,21.191,2016
Algeria,42.346,44.372,44.78,47.529,51.513,61.132,61.535,63.3,51.664,52.558,61.892,46.67,49.217,50.963,42.426,42.066,46.941,48.178,48.188,48.845,54.749,54.745,56.761,67.864,85.327,103.198,117.027,134.977,171.001,137.054,161.207,200.251,209.016,209.755,213.81,165.874,159.049,178.287,197.629,208.773,218.601,226.153,235.987,250.596,2016
Angola,5.934,5.554,5.554,5.788,6.135,7.559,7.077,8.089,8.775,10.208,11.236,10.891,8.398,6.095,4.438,5.539,6.535,7.675,6.506,6.153,9.13,8.936,12.497,14.189,19.641,28.234,41.789,60.449,84.178,75.492,82.526,104.116,113.923,124.913,126.73,102.621,95.337,124.209,119.428,121.138,126.809,134.374,143.403,153.706,2015
Antigua and Barbuda,0.131,0.148,0.164,0.182,0.208,0.241,0.29,0.337,0.399,0.439,0.459,0.482,0.499,0.535,0.589,0.577,0.634,0.681,0.728,0.766,0.83,0.801,0.815,0.856,0.92,1.022,1.157,1.311,1.368,1.224,1.152,1.142,1.211,1.193,1.28,1.365,1.46,1.524,1.612,1.693,1.77,1.842,1.916,1.994,2016
Argentina,226.569,184.014,91.376,112.721,126.563,95.593,114.949,117.854,138.044,88.567,153.205,205.515,247.987,256.365,279.15,280.08,295.12,317.549,324.242,307.673,308.491,291.738,108.731,138.151,164.922,199.273,232.892,287.921,363.545,334.633,424.728,527.644,579.666,611.471,563.614,642.464,554.107,637.717,625.921,659.694,698.7,742.307,786.786,831.713,2017
"Armenia, Republic of",n/a,n/a,n/a,n/a,n/a,n/a,n/a,n/a,n/a,n/a,n/a,n/a,0.108,0.835,0.648,1.287,1.597,1.639,1.892,1.845,1.912,2.118,2.376,2.807,3.577,4.9,6.384,9.206,11.662,8.648,9.26,10.142,10.619,11.121,11.61,10.553,10.572,11.548,12.031,12.696,13.385,14.196,15.177,16.224,2016
Australia,162.643,188.085,186.726,179.168,196.796,174.084,181.164,212.732,270.62,307.719,323.21,323.723,317.479,308.712,352.562,378.076,423.61,425.584,380.53,410.865,398.933,376.539,424.182,539.43,655.612,733.746,780.351,946.481,"1,054.24",997.261,"1,249.52","1,511.43","1,566.53","1,515.77","1,454.96","1,232.92","1,264.94","1,379.55","1,500.26","1,581.89","1,666.74","1,754.99","1,852.06","1,958.17",2017
Austria,80.924,70.122,70.111,71.033,67.007,68.624,97.375,121.771,133.592,133.263,166.867,174.435,195.506,190.384,203.97,241.235,237.343,213.045,218.557,217.466,197.338,197.473,214.038,262.146,301.22,316.486,336.279,389.23,432.334,401.187,392.623,431.515,409.652,430.203,442.587,382.258,390.961,416.845,477.672,503.538,527.047,549.514,572.666,595.365,2016
Azerbaijan,n/a,n/a,n/a,n/a,n/a,n/a,n/a,n/a,n/a,n/a,n/a,n/a,1.193,1.309,2.258,2.417,3.177,3.963,4.28,4.581,5.273,5.475,6.232,7.276,8.682,13.273,21.027,33.09,48.979,44.289,52.913,65.99,69.687,74.16,75.24,50.844,37.81,40.67,45.483,47.926,50.479,53.219,56.104,59.324,2016
The Bahamas,2.598,2.692,3.031,3.373,3.603,3.923,4.241,4.669,4.855,5.473,5.218,5.128,5.125,5.097,5.372,5.653,5.95,6.332,6.833,7.684,8.076,8.318,8.881,8.87,9.055,9.836,10.167,10.618,10.526,9.982,10.096,10.07,10.72,10.677,10.844,11.24,11.262,11.639,12.318,12.899,13.459,13.984,14.442,14.89,2016
Bahrain,3.593,4.056,4.264,4.368,4.534,4.278,3.347,3.626,4.481,4.675,4.965,5.209,5.442,5.986,6.411,6.787,7.057,7.318,6.996,7.582,9.063,9.189,9.594,11.075,13.15,15.969,18.505,21.73,25.711,22.938,25.713,28.777,30.749,32.539,33.388,31.126,32.176,34.895,37.841,39.703,41.072,42.559,44.006,45.557,2016
Bangladesh,22.632,22.057,20.197,21.165,24.064,24.756,25.954,28.633,30.904,34.046,35.383,36.468,36.476,38.234,41.538,45.921,48.168,50.34,51.928,53.984,54.586,54.755,57.5,63.204,68.593,70.921,75.77,85.604,97.062,108.896,122.039,131.079,141.705,161.297,184.013,208.322,235.623,261.374,285.817,312.794,341.728,372.936,407.007,444.207,2016
Barbados,1.018,1.12,1.171,1.243,1.355,1.418,1.557,1.714,1.823,2.018,2.024,2.032,1.957,2.075,2.163,2.275,2.425,2.564,2.891,3.029,3.122,3.117,3.17,3.275,3.514,3.897,4.22,4.674,4.785,4.466,4.53,4.665,4.632,4.672,4.671,4.695,4.764,5.018,5.317,5.516,5.722,5.932,6.153,6.379,2015
Belarus,n/a,n/a,n/a,n/a,n/a,n/a,n/a,n/a,n/a,n/a,n/a,n/a,12.364,11.02,15.152,10.179,13.953,13.543,14.589,11.678,12.758,12.421,14.654,17.812,23.141,30.211,36.963,45.275,60.746,50.855,57.22,61.368,65.669,75.496,78.736,56.329,47.703,54.436,59.246,61.522,63.745,66.106,68.797,73.106,2016
Belgium,124.139,102.792,90.44,85.492,81.672,84.92,117.689,146.189,158.943,160.672,201.22,206.469,229.957,219.891,239.9,289.844,281.447,255.132,260.951,260.538,238.555,238.004,259.662,319.552,371.275,387.992,410.157,472.475,521.084,485.781,484.449,527.492,498.16,521.09,531.919,455.43,468.148,494.733,562.229,587.699,612.94,636.787,661.373,685.8,2016
Belize,0.172,0.179,0.179,0.189,0.211,0.209,0.228,0.267,0.315,0.363,0.412,0.445,0.518,0.56,0.581,0.62,0.641,0.654,0.689,0.732,0.832,0.872,0.933,0.99,1.058,1.114,1.217,1.291,1.369,1.337,1.397,1.487,1.574,1.613,1.704,1.779,1.82,1.854,1.912,1.987,2.056,2.123,2.193,2.269,2016
Benin,1.685,1.14,1.128,0.999,1.065,1.156,1.49,1.778,1.867,1.734,2.114,2.161,2.403,2.341,1.629,2.19,2.379,2.286,2.46,2.693,2.576,2.682,3.064,3.912,4.526,4.812,5.147,5.977,7.166,7.116,6.983,7.821,8.157,9.16,9.723,8.295,8.576,9.238,11.039,12.2,13.376,14.726,16.019,17.357,2014
Bhutan,0.127,0.137,0.144,0.156,0.161,0.167,0.189,0.229,0.262,0.261,0.281,0.244,0.238,0.249,0.253,0.296,0.311,0.348,0.382,0.401,0.436,0.455,0.504,0.575,0.67,0.762,0.858,1.02,1.291,1.214,1.433,1.737,1.814,1.849,1.83,2.027,2.127,2.334,2.547,2.8,3.132,3.495,3.921,4.445,2016
Bolivia,3.589,3.44,3.813,3.609,3.752,4.059,3.97,4.323,4.598,4.716,4.868,5.343,5.643,5.734,5.97,6.702,7.375,7.917,8.49,8.269,8.385,8.155,7.917,8.092,8.785,9.573,11.52,13.216,16.792,17.464,19.786,24.135,27.282,30.883,33.237,33.241,34.053,37.122,40.737,43.804,47.115,51.059,55.331,59.96,2016
Bosnia and Herzegovina,n/a,n/a,n/a,n/a,n/a,n/a,n/a,n/a,n/a,n/a,n/a,n/a,n/a,n/a,n/a,n/a,3.584,4.578,5.281,5.766,5.569,5.788,6.731,8.492,10.167,10.953,12.471,15.345,18.8,17.646,17.196,18.646,17.217,18.161,18.551,16.218,16.917,18.058,20.34,21.502,22.775,24.053,25.482,26.989,2016
Botswana,1.175,1.038,1.095,1.21,1.201,1.118,1.516,2.376,3.084,3.444,3.803,3.806,3.932,3.961,4.261,4.732,4.881,5.024,4.819,5.485,5.803,5.514,5.456,7.539,8.966,10.013,10.175,10.941,11.028,10.272,12.761,15.393,16.11,14.915,16.259,14.445,15.66,17.168,18.62,19.268,20.392,21.504,22.646,23.843,2015
Brazil,145.767,167.523,179.102,143.601,142.906,226.858,263.163,286.438,319.991,439.278,455.173,399.108,382.329,429.032,546.57,786.536,850.415,884.308,865.115,599.867,655.435,559.962,509.358,557.681,668.432,890.671,"1,106.37","1,396.10","1,694.86","1,667.66","2,207.53","2,613.86","2,464.18","2,471.17","2,455.71","1,799.71","1,793.07","2,054.97","2,138.92","2,256.85","2,362.87","2,474.73","2,593.38","2,716.54",2017
Brunei Darussalam,n/a,n/a,n/a,n/a,n/a,4.434,2.704,3.105,2.955,3.314,3.908,4.109,4.646,4.558,4.537,5.255,5.679,5.769,4.496,5.106,6.662,6.218,6.487,7.279,8.739,10.581,12.736,13.576,16.005,11.892,13.707,18.525,19.047,18.092,17.098,12.931,11.399,12.743,14.438,14.791,15.264,16.444,17.254,18.787,2016
Bulgaria,24.974,26.937,28.094,28.87,30.668,26.258,23.239,26.938,44.022,44.835,19.768,1.937,7.861,4.266,7.5,12.564,9.491,10.024,13.227,13.501,13.153,14.076,16.277,20.984,25.958,29.636,34.131,44.41,54.408,51.885,50.611,57.42,53.901,55.76,56.732,50.199,53.236,56.943,64.781,68.49,72.096,75.562,79.202,82.94,2016
Burkina Faso,2.121,1.846,1.719,1.571,1.404,1.553,2.036,2.37,2.616,2.616,3.101,3.135,3.357,3.2,1.924,2.38,2.587,2.448,2.805,3.013,2.633,2.836,3.218,4.212,4.843,5.474,5.82,6.781,8.409,8.391,8.963,10.734,11.172,11.955,12.398,10.425,11.31,12.569,14.607,15.867,17.203,18.581,20.075,21.52,2016
Burundi,0.951,0.989,1.045,1.106,1.005,1.17,1.233,1.161,1.088,1.131,1.131,1.167,1.082,0.938,0.924,1,0.868,0.972,0.893,0.866,0.87,0.877,0.825,0.785,0.915,1.117,1.273,1.356,1.612,1.775,2.032,2.236,2.333,2.575,2.934,3.005,3.138,3.396,3.805,4.526,5.257,5.964,6.707,7.153,2015
Cabo Verde,0.157,0.154,0.155,0.152,0.145,0.152,0.21,0.26,0.292,0.295,0.339,0.353,0.395,0.398,0.448,0.536,0.553,0.54,0.575,0.652,0.589,0.616,0.679,0.891,1.023,1.09,1.237,1.514,1.789,1.712,1.664,1.865,1.752,1.851,1.861,1.597,1.64,1.741,1.978,2.099,2.232,2.364,2.505,2.652,2016
Cambodia,n/a,n/a,n/a,n/a,n/a,n/a,0.205,0.141,0.276,0.346,0.899,2.011,2.439,2.427,2.765,3.441,3.507,3.443,3.13,3.513,3.667,3.992,4.289,4.665,5.334,6.287,7.268,8.63,10.342,10.391,11.232,12.818,14.049,15.249,16.714,18.15,20.157,22.252,24.36,26.628,29.013,31.565,34.257,37.174,2016
Cameroon,8.193,9.281,8.901,8.972,9.482,9.903,12.909,14.952,15.184,13.539,13.553,15.112,13.851,14.451,9.833,9.326,10.393,10.509,10.495,10.695,9.802,10.377,11.588,14.558,17.44,17.974,19.373,22.397,26.534,26.085,26.193,29.364,29.121,32.358,34.999,30.932,32.23,34.006,39.074,41.748,44.997,48.355,52.095,56.094,2016
Canada,275.035,306.213,313.498,340.543,355.382,364.761,377.438,431.319,507.351,565.06,593.942,610.319,592.375,577.182,578.123,604.014,628.561,652.818,631.829,676.068,742.288,736.398,757.942,892.412,"1,023.18","1,169.39","1,315.46","1,464.98","1,549.07","1,371.15","1,613.46","1,788.65","1,824.29","1,842.63","1,799.27","1,559.62","1,535.77","1,652.41","1,798.51","1,908.53","2,029.17","2,155.75","2,292.02","2,434.31",2016
Central African Republic,0.714,0.743,0.719,0.69,0.67,0.883,1.158,1.275,1.372,1.354,1.572,1.498,1.494,1.309,0.858,1.117,1,0.979,1.036,1.039,0.885,0.897,0.963,1.11,1.257,1.337,1.461,1.698,1.985,1.982,1.986,2.196,2.171,1.519,1.706,1.585,1.756,1.928,2.164,2.334,2.505,2.673,2.849,3.115,2012
Chad,0.738,0.873,0.844,0.844,0.907,0.983,1.211,1.372,1.604,1.515,1.826,1.809,1.886,1.648,1.335,1.636,1.819,1.748,1.975,1.739,1.572,1.935,2.249,3.096,4.996,6.67,7.444,8.675,10.389,9.288,10.682,12.17,12.404,12.99,13.981,10.946,10.091,9.872,11.486,12.24,13.614,14.802,16.037,17.073,2017
Chile,28.829,34.134,25.451,20.673,20.104,17.238,18.531,21.856,25.765,29.68,32.999,37.982,46.272,49.507,57.115,73.601,78.026,84.925,81.588,75.12,77.825,70.968,69.728,75.643,99.238,122.959,154.788,173.477,179.52,172.528,218.311,252.115,267.083,278.388,260.574,244.021,250.008,277.042,280.269,295.844,311.422,326.888,343.009,359.836,2017
China,305.348,290.827,286.719,307.677,316.628,312.616,303.34,330.303,411.923,461.066,398.623,415.604,495.671,623.054,566.471,736.87,867.224,965.338,"1,032.57","1,097.14","1,214.92","1,344.08","1,477.50","1,671.07","1,966.24","2,308.80","2,774.29","3,571.45","4,604.29","5,121.68","6,066.35","7,522.10","8,570.35","9,635.03","10,534.53","11,226.19","11,221.84","12,014.61","14,092.51","15,543.71","16,952.01","18,401.84","19,925.40","21,573.91",2017
Colombia,46.784,50.969,54.583,54.249,53.581,48.877,48.944,50.948,54.925,55.384,56.412,58.308,68.997,78.195,98.26,111.237,116.838,128.267,118.442,103.761,99.875,98.201,97.946,94.645,117.092,146.547,162.766,207.465,244.302,233.893,286.954,335.437,369.43,380.17,378.323,291.53,279.987,309.197,327.978,347.027,366.919,388.643,411.498,434.974,2017
Comoros,0.152,0.133,0.126,0.122,0.118,0.12,0.162,0.196,0.207,0.199,0.25,0.26,0.281,0.278,0.186,0.232,0.23,0.212,0.216,0.223,0.202,0.22,0.252,0.325,0.363,0.388,0.404,0.466,0.533,0.537,0.544,0.611,0.596,0.658,0.687,0.59,0.615,0.652,0.738,0.781,0.825,0.868,0.914,0.961,2015
Democratic Republic of the Congo,68.606,59.726,64.939,52.378,34.951,31.943,35.84,33.932,39.314,40.006,41.448,40.25,36.333,47.45,25.746,25.021,32.099,28.819,21.089,19.147,19.077,8.173,8.719,8.954,10.341,11.951,14.296,16.364,19.129,18.315,20.641,24.575,27.566,32.676,35.918,38.402,39.324,41.441,42.644,43.663,45.452,46.885,49.373,52.098,2016
Republic of Congo,2.083,1.708,1.489,1.354,1.245,1.276,1.746,2.121,2.257,2.384,2.799,2.725,2.933,2.684,1.769,2.116,2.54,2.323,1.949,2.357,3.22,2.794,3.02,3.502,4.653,6.097,7.738,7.446,10.224,9.363,12.304,14.811,13.664,14.026,14.099,8.554,7.787,8.513,10.471,10.923,10.388,9.844,9.86,9.797,2015
Costa Rica,4.836,2.626,2.609,3.15,3.664,3.926,4.408,4.537,4.618,5.23,5.716,7.238,8.578,9.586,10.473,11.545,11.64,12.568,13.634,14.211,14.965,15.93,16.525,17.22,18.562,19.994,22.659,26.856,30.844,30.826,37.634,42.717,46.984,50.326,51.181,55.377,57.81,58.056,61.287,64.85,68.495,72.394,76.48,80.788,2016
Côôe d'Ivoire,10.051,8.367,7.506,6.768,6.736,6.907,9.186,10.097,10.214,9.767,10.822,10.53,11.178,11.056,8.329,11.007,12.139,11.735,12.627,12.393,10.748,11.202,12.39,15.336,16.576,17.115,17.817,20.373,24.339,24.341,24.931,25.693,26.805,31.274,35.373,33.148,36.375,40.36,48.142,52.979,58.203,63.569,69.27,74.912,2015
Croatia,n/a,n/a,n/a,n/a,n/a,n/a,n/a,n/a,n/a,n/a,n/a,n/a,12.247,12.968,17.349,22.388,23.601,23.974,25.346,23.374,21.774,23.289,26.878,34.659,41.574,45.416,50.436,60.081,70.452,62.636,59.83,62.375,56.566,58.086,57.63,49.425,51.35,54.516,61.056,63.81,66.553,69.128,71.994,73.938,2016
Cyprus,2.314,2.242,2.319,2.321,2.447,2.611,3.317,3.979,4.589,4.901,6.003,6.195,7.424,7.098,8.004,9.937,10.016,9.544,10.251,10.502,9.988,10.397,11.422,14.552,17.328,18.713,20.422,24.083,27.972,26.008,25.609,27.454,25.055,24.094,23.396,19.687,20.055,21.31,24.62,26.359,28.11,29.783,31.558,33.337,2016
Czech Republic,n/a,n/a,n/a,n/a,n/a,n/a,n/a,n/a,n/a,n/a,n/a,n/a,n/a,n/a,n/a,59.768,66.986,61.783,66.465,64.867,61.645,67.524,81.899,99.662,119.162,136.281,155.464,189.032,236.031,206.303,207.478,227.948,207.376,209.402,207.818,186.83,195.305,213.189,251.577,276.961,296.57,316.778,337.233,358.185,2017
Denmark,71.127,61.878,60.413,60.645,59.105,62.658,88.079,109.414,115.552,112.41,138.248,139.226,152.915,143.195,156.164,185.008,187.633,173.539,176.991,177.964,164.158,164.791,178.635,218.097,251.375,264.467,282.886,319.424,353.359,321.243,321.995,344.003,327.149,343.584,352.994,301.299,306.9,324.484,369.76,386.403,404.576,423.668,444.193,465.386,2017
Djibouti,n/a,n/a,n/a,n/a,n/a,n/a,n/a,n/a,n/a,n/a,n/a,0.462,0.478,0.466,0.492,0.498,0.494,0.503,0.514,0.541,0.556,0.577,0.596,0.628,0.666,0.709,0.769,0.848,0.984,1.015,1.099,1.239,1.354,1.455,1.588,1.727,1.889,2.029,2.187,2.38,2.586,2.81,3.053,3.317,2013
Dominica,0.073,0.082,0.09,0.099,0.109,0.119,0.135,0.152,0.171,0.185,0.201,0.22,0.234,0.246,0.264,0.275,0.292,0.303,0.322,0.332,0.333,0.34,0.333,0.343,0.367,0.364,0.39,0.421,0.458,0.489,0.494,0.501,0.486,0.508,0.528,0.535,0.581,0.56,0.476,0.542,0.591,0.623,0.652,0.673,2015
Dominican Republic,8.672,9.698,9.141,9.461,14.87,6.496,7.891,8.305,7.605,8.589,7.995,9.887,11.605,13.081,14.645,16.637,18.242,20.017,21.672,22.137,24.306,25.602,27.249,21.518,22.506,35.948,37.998,44.067,48.206,48.319,53.893,58.023,60.703,62.061,65.322,68.197,71.673,75.018,80.413,84.585,89.368,94.429,99.771,105.454,2016
Ecuador,16.84,17.243,17.214,15.129,16.101,18.83,13.816,12.91,12.277,12.049,12.236,13.73,15.012,17.537,21.147,22.968,24.035,27.009,27.474,19.74,18.319,24.468,28.549,32.433,36.592,41.507,46.802,51.008,61.763,62.52,69.555,79.277,87.925,95.13,101.726,99.29,98.614,102.311,106.621,109.866,112.918,116.486,120.12,124.23,2016
Egypt,23.523,25.76,30.479,37.254,41.888,48.841,54.076,77.359,92.53,115.362,96.087,48.431,44.168,49.526,54.55,63.26,71.114,79.77,89.188,95.039,104.752,102.273,90.261,85.163,82.855,94.127,112.902,137.055,170.797,198.316,230.024,247.726,278.769,288.007,305.567,332.075,332.484,237.073,n/a,n/a,n/a,n/a,n/a,n/a,2017
El Salvador,3.899,3.437,3.394,3.25,2.377,2.311,2.327,2.366,2.762,3.157,4.801,5.311,5.955,6.938,8.086,9.501,10.316,11.135,12.008,12.465,13.134,13.813,14.307,15.047,15.798,17.094,18.551,20.105,21.431,20.661,21.418,23.139,23.814,24.351,25.054,26.052,26.798,28.023,29.407,30.709,32.067,33.446,34.908,36.477,2016
Equatorial Guinea,0.032,0.03,0.035,0.04,0.044,0.074,0.091,0.111,0.119,0.105,0.133,0.132,0.16,0.162,0.12,0.169,0.276,0.526,0.44,0.738,1.156,1.672,2.061,3.765,5.95,8.184,10.087,13.072,19.75,15.028,16.299,21.329,22.39,21.943,21.462,12.162,10.178,10.725,11.544,11.386,11.768,12.377,12.954,13.636,2016
Eritrea,n/a,n/a,n/a,n/a,n/a,n/a,n/a,n/a,n/a,n/a,n/a,n/a,0.783,0.483,0.56,0.624,0.749,0.767,0.809,0.794,0.706,0.752,0.729,0.87,1.109,1.098,1.211,1.318,1.38,1.857,2.117,2.609,3.061,3.516,3.964,4.442,5.005,5.813,6.721,7.717,8.114,9.38,10.863,12.598,2006
Estonia,n/a,n/a,n/a,n/a,n/a,n/a,n/a,n/a,n/a,n/a,n/a,n/a,n/a,1.739,2.435,3.797,4.745,5.072,5.621,5.741,5.706,6.259,7.345,9.851,12.071,14.025,16.987,22.264,24.285,19.712,19.536,23.191,23.057,25.145,26.266,22.578,23.348,25.973,30.821,33.267,35.848,38.437,41.174,43.964,2017
Ethiopia,7.385,7.578,7.973,8.863,8.375,9.808,10.188,10.89,11.285,11.872,12.595,13.928,14.696,9.143,8.135,8.431,8.826,8.909,8.078,7.927,8.235,8.223,7.851,8.623,10.142,12.408,15.283,19.701,26.839,32.464,29.917,31.958,43.134,47.656,55.512,64.683,73.151,80.874,85.664,89.727,98.21,107.323,117.374,129.011,2017
Fiji,1.231,1.264,1.222,1.149,1.205,1.168,1.32,1.205,1.136,1.21,1.337,1.384,1.533,1.636,1.826,1.97,2.129,2.09,1.652,1.937,1.678,1.652,1.833,2.3,2.708,2.98,3.076,3.378,3.523,2.871,3.14,3.775,3.972,4.19,4.484,4.344,4.666,5.079,5.44,5.794,6.17,6.572,6.992,7.447,2017
Finland,53.714,52.62,53.111,51.056,53.032,56.223,73.652,91.775,109.255,119.106,141.797,128.287,113.227,89.321,103.76,134.349,132.153,126.997,134.11,135.4,125.883,129.338,139.984,171.365,196.975,204.767,216.733,255.739,285.087,252.137,248.262,273.925,256.849,270.065,273.042,232.582,238.776,253.244,289.557,304.133,318.47,331.298,344.27,356.768,2017
France,"704.483","621.003","589.985","564.491","534.31","559.636","775.929","939.317","1,025.54","1,031.10","1,278.57","1,279.90","1,411.67","1,331.52","1,404.32","1,610.93","1,614.61","1,462.39","1,512.84","1,502.21","1,372.18","1,383.16","1,504.98","1,851.30","2,126.34","2,207.25","2,326.95","2,666.81","2,937.32","2,700.66","2,651.77","2,865.30","2,682.90","2,809.39","2,853.83","2,434.79","2,466.47","2,583.56","2,925.10","3,060.07","3,196.16","3,324.30","3,457.66","3,585.78","2017"
Gabon,4.559,4.111,3.853,3.689,3.547,3.736,4.889,3.699,4.079,4.458,6.339,5.754,5.955,5.757,4.463,5.281,6.064,5.673,4.774,4.966,5.397,5.022,5.327,6.509,7.764,9.474,10.163,12.457,15.582,12.184,14.385,18.203,17.181,17.596,18.209,14.385,14.02,15.206,17.461,18.096,18.974,19.88,20.993,22.105,2016
The Gambia,0.364,0.349,0.33,0.332,0.238,0.29,0.226,0.303,0.352,0.37,0.434,0.457,0.493,0.528,0.523,0.547,0.571,0.591,0.607,0.623,0.608,0.603,0.534,0.507,0.579,0.624,0.655,0.799,0.966,0.901,0.952,0.898,0.91,0.899,0.833,0.892,0.965,1.009,1.085,1.159,1.227,1.292,1.36,1.426,2016
Georgia,n/a,n/a,n/a,n/a,n/a,n/a,n/a,n/a,n/a,n/a,n/a,n/a,n/a,n/a,0.827,1.907,3.063,3.511,3.607,2.805,3.057,3.218,3.396,3.991,5.126,6.411,7.745,10.173,12.795,10.767,11.638,14.435,15.847,16.141,16.515,13.996,14.33,15.139,16.142,17.433,18.842,20.412,22.126,23.983,2016
Germany,850.475,715.546,690.923,689.294,649.434,658.536,940.551,"1,170.42","1,261.83","1,252.64","1,592.59","1,868.52","2,127.85","2,069.69","2,210.83","2,593.84","2,504.54","2,221.40","2,246.31","2,202.79","1,955.28","1,951.98","2,085.57","2,510.04","2,822.21","2,866.05","3,004.95","3,444.72","3,770.15","3,426.67","3,423.47","3,761.14","3,545.95","3,753.69","3,896.79","3,377.31","3,479.23","3,684.82","4,211.64","4,416.80","4,628.62","4,837.01","5,055.33","5,272.10",2017
Ghana,24.995,42.36,50.424,33.431,12.059,10.121,9.195,7.783,8.333,8.419,9.986,11.228,11.041,9.718,8.866,10.525,11.287,11.219,12.18,12.564,8.112,8.652,10.038,12.425,14.458,17.47,20.411,24.758,28.528,25.59,32.174,39.565,41.939,47.806,38.774,36.885,42.787,47.032,51.619,56.725,60.492,64.704,68.994,74.146,2016
Greece,57.01,52.605,54.878,49.603,48.329,47.936,56.421,65.682,76.447,79.25,97.963,105.633,116.466,109.022,116.678,136.942,145.872,143.326,144.644,149.412,132.198,136.284,154.307,202.272,240.774,248.184,273.547,318.94,356.14,330.837,299.919,288.062,245.807,239.937,237.406,195.64,192.77,200.69,226.774,235.836,246.069,255.719,264.528,274.159,2017
Grenada,0.111,0.116,0.125,0.132,0.146,0.168,0.188,0.215,0.236,0.267,0.278,0.301,0.31,0.31,0.325,0.342,0.367,0.392,0.446,0.482,0.52,0.52,0.54,0.591,0.599,0.695,0.699,0.759,0.826,0.771,0.771,0.779,0.8,0.843,0.911,0.997,1.056,1.115,1.18,1.249,1.313,1.377,1.444,1.514,2016
Guatemala,7.319,7.995,8.098,8.406,8.796,10.385,5.615,6.502,7.042,8.118,7.106,8.687,9.625,10.462,11.855,13.314,14.218,16.103,17.488,16.492,17.187,18.703,20.777,21.918,23.965,27.211,30.231,34.113,39.137,37.734,41.338,47.655,50.388,53.851,58.722,63.767,68.763,75.661,82.356,87.819,93.46,99.238,105.242,111.472,2016
Guinea,2.4,2.381,2.335,2.284,2.327,2.473,2.675,2.84,3.317,3.384,3.71,4.195,4.57,4.562,4.707,5.139,5.316,5.212,5.003,4.798,4.039,3.806,4.022,4.759,5.054,4.506,4.178,6.317,6.966,6.753,6.866,6.034,7.304,8.374,8.79,8.763,8.476,9.721,10.854,11.698,12.611,13.59,14.568,15.604,2016
Guinea-Bissau,0.171,0.219,0.249,0.281,0.195,0.287,0.28,0.237,0.221,0.266,0.324,0.456,0.5,0.386,0.435,0.46,0.438,0.416,0.376,0.406,0.364,0.38,0.41,0.477,0.532,0.588,0.592,0.697,0.869,0.829,0.851,1.099,0.99,1.046,1.055,1.036,1.165,1.35,1.582,1.728,1.88,2.036,2.206,2.387,2015
Guyana,0.559,0.544,0.459,0.466,0.465,0.474,0.523,0.655,0.615,0.779,0.652,0.735,0.602,0.721,0.874,0.993,1.116,1.188,1.114,1.147,1.123,1.127,1.16,1.197,1.26,1.311,1.455,1.741,1.916,2.023,2.262,2.582,2.854,2.99,3.078,3.183,3.504,3.628,3.747,3.911,4.646,5.375,5.886,7.118,2016
Haiti,1.546,1.702,1.77,1.9,2.105,2.337,2.597,1.279,0.841,0.778,0.99,0.888,0.533,0.61,1.775,2.813,2.908,3.339,3.724,4.154,3.954,3.596,3.472,2.96,3.538,4.31,4.756,5.885,6.55,6.584,6.62,7.516,7.89,8.451,8.774,8.672,8.178,8.608,9.417,9.751,10.24,10.754,11.293,11.744,2017
Honduras,3.508,3.855,3.97,4.207,4.538,4.976,5.207,5.678,6.324,7.065,4.169,4.195,4.675,4.794,4.693,5.415,5.217,5.736,6.366,6.417,7.104,7.566,7.775,8.14,8.772,9.672,10.842,12.275,13.79,14.486,15.73,17.649,18.529,18.499,19.757,20.98,21.644,22.975,24.021,24.823,25.67,26.678,27.906,29.333,2016
Hong Kong SAR,28.862,31.055,32.291,29.907,33.511,35.7,41.076,50.623,59.708,68.79,76.929,88.96,104.272,120.354,135.812,144.652,159.718,177.349,168.858,165.734,171.643,169.381,166.336,161.37,169.085,181.556,193.515,211.583,219.279,214.048,228.644,248.484,262.601,275.673,291.438,309.359,320.881,341.659,364.782,387.983,411.349,436.134,462.991,489.765,2017
Hungary,23.038,23.626,24.06,21.836,21.17,21.438,24.694,27.14,29.699,30.319,34.36,34.748,38.725,40.12,43.145,46.432,46.66,47.29,48.77,49.17,47.311,53.821,67.717,85.325,104.067,113.035,115.295,139.851,157.998,130.594,130.925,140.863,127.706,135.213,140.167,122.823,129.144,152.284,163.541,172.827,183.101,192.759,202.515,212.185,2017
Iceland,3.415,3.525,3.235,2.781,2.88,2.998,4,5.541,6.123,5.682,6.483,6.926,7.084,6.209,6.377,7.107,7.449,7.549,8.454,8.917,8.927,8.136,9.208,11.316,13.723,16.691,17.049,21.32,17.658,12.944,13.311,14.733,14.292,15.548,17.304,16.942,20.304,23.909,29.109,31.646,33.213,33.985,34.746,35.714,2017
India,189.438,196.535,203.537,222.049,215.556,237.618,252.751,283.75,299.645,300.187,326.608,274.842,293.262,284.194,333.014,366.6,399.791,423.189,428.767,466.841,476.636,493.934,523.768,618.369,721.589,834.218,949.118,"1,238.70","1,224.10","1,365.37","1,708.46","1,823.05","1,827.64","1,856.72","2,039.13","2,102.39","2,273.56","2,611.01","2,848.23","3,155.23","3,477.05","3,832.91","4,226.69","4,663.02",2017
Indonesia,99.296,110.848,113.799,103.149,107.218,107.062,101.22,95.214,107.279,122.582,138.258,154.558,168.28,190.913,213.727,244.227,274.722,260.68,115.323,169.158,179.482,174.507,212.807,255.428,279.556,310.815,396.293,470.144,558.582,577.539,755.256,892.59,919.002,916.646,891.051,860.741,932.445,"1,015.41","1,074.97","1,152.89","1,247.65","1,340.77","1,440.89","1,548.50",2017
Islamic Republic of Iran,93.531,101.451,127.557,155.942,160.074,179.718,208.782,276.875,318.601,379.167,575.265,302.498,49.423,65.03,82.405,115.703,157.347,185.727,208.928,277.095,365.946,334.323,129.778,152.973,186.857,228.18,270.333,351.769,406.212,410.557,482.384,577.214,389.199,396.408,423.409,375.404,404.447,431.92,418.875,413.114,398.158,420.665,446.353,472.316,2017
Iraq,n/a,n/a,n/a,n/a,n/a,n/a,n/a,n/a,n/a,n/a,n/a,n/a,n/a,n/a,n/a,n/a,n/a,n/a,10.469,18.449,25.857,18.936,18.97,15.8,36.642,50.065,65.144,88.833,131.614,111.66,138.517,185.75,218.032,234.638,234.651,179.838,171.716,197.699,223.258,233.402,244.199,257.033,272.244,289.795,2016
Ireland,21.398,20.397,21.286,20.592,19.858,21.141,28.479,33.617,36.828,37.982,48.138,48.778,54.842,51.299,55.772,69.172,75.832,82.852,90.161,98.792,100.098,109.186,128.311,164.519,194.062,211.972,232.355,270.373,276.416,236.95,222.333,239.137,225.497,239.088,258.081,290.291,304.499,333.994,385.142,409.225,434.409,457.636,481.75,505.643,2017
Israel,23.834,25.254,27.065,30.185,28.576,26.559,32.696,39.052,48.377,49.222,58.082,65.887,73.624,73.996,84.468,100.344,109.959,114.727,115.98,117.189,132.339,130.708,121.069,126.864,135.446,142.463,153.967,178.707,215.839,207.417,233.611,261.627,257.295,292.492,308.415,299.094,317.748,350.609,373.751,390.656,411.165,433.095,457.164,482.072,2017
Italy,482.429,437.494,432.37,448.685,443.305,457.787,648.373,813.777,901.599,937.705,"1,170.29","1,236.20","1,311.78","1,054.84","1,087.99","1,171.40","1,309.29","1,240.40","1,267.96","1,250.17","1,144.88","1,163.11","1,270.43","1,572.35","1,800.20","1,855.66","1,944.26","2,206.11","2,402.06","2,190.70","2,129.02","2,278.38","2,073.97","2,131.16","2,155.15","1,833.79","1,860.15","1,937.89","2,181.97","2,261.46","2,340.25","2,410.65","2,484.98","2,554.22",2016
Jamaica,2.565,2.817,3.235,2.875,2.119,1.993,2.369,2.672,3.184,3.692,4.663,4.285,4.328,5.516,5.529,6.543,7.046,8.076,8.462,8.496,8.696,8.835,9.332,8.994,9.743,10.756,11.468,12.881,13.743,12.107,13.192,14.408,14.759,14.202,13.864,14.143,14.002,14.359,15.256,15.845,16.598,17.385,18.223,19.134,2016
Japan,"1,105.39","1,218.99","1,134.52","1,243.32","1,318.38","1,398.89","2,078.95","2,532.81","3,071.68","3,054.91","3,132.82","3,584.42","3,908.81","4,454.14","4,907.04","5,449.12","4,833.71","4,414.74","4,032.51","4,562.08","4,887.52","4,303.54","4,115.12","4,445.66","4,815.17","4,755.41","4,530.38","4,515.26","5,037.91","5,231.38","5,700.10","6,157.46","6,203.21","5,155.72","4,850.41","4,394.98","4,949.27","4,872.14","5,167.05","5,362.22","5,498.78","5,641.47","5,796.74","5,962.38",2017
Jordan,3.908,4.388,4.684,4.922,4.972,5.001,6.404,6.751,6.324,4.252,4.161,4.345,5.369,5.532,6.197,6.65,6.928,7.246,7.912,8.149,8.461,8.975,9.582,10.196,11.411,12.589,15.057,17.111,21.963,23.82,26.425,28.84,30.981,33.641,35.878,37.57,38.709,40.487,42.553,44.794,47.246,49.88,52.66,55.596,2016
Kazakhstan,n/a,n/a,n/a,n/a,n/a,n/a,n/a,n/a,n/a,n/a,n/a,n/a,2.875,5.152,11.648,16.594,20.893,22.13,21.624,16.87,18.292,22.153,24.637,30.834,43.152,57.125,81.003,104.85,133.441,115.309,148.047,192.626,207.999,236.635,221.416,184.388,133.668,160.839,179.25,190.469,203.461,218.294,236.236,254.109,2016
Kenya,10.099,9.513,9.159,8.47,8.788,8.746,10.387,11.387,11.806,11.705,12.18,11.501,11.327,7.869,9.422,11.944,13.565,13.742,15.739,14.353,14.136,14.536,14.764,16.796,18.064,21.001,25.826,31.958,35.895,37.022,40,41.672,50.422,55.126,61.544,63.995,70.527,79.511,88.271,95.803,103.462,112.401,122.709,133.437,2016
Kiribati,0.042,0.044,0.041,0.038,0.042,0.032,0.031,0.073,0.045,0.044,0.043,0.047,0.048,0.047,0.055,0.056,0.067,0.067,0.066,0.069,0.068,0.063,0.072,0.091,0.103,0.112,0.11,0.133,0.144,0.134,0.157,0.182,0.19,0.186,0.179,0.169,0.182,0.197,0.211,0.22,0.229,0.236,0.244,0.252,2016
Korea,64.981,72.426,77.773,87.025,96.598,100.273,115.537,146.134,196.965,243.528,279.348,325.733,350.051,386.302,455.605,556.129,598.097,557.504,374.242,485.25,561.634,533.05,609.021,680.518,764.881,898.137,"1,011.80","1,122.68","1,002.22",901.935,"1,094.50","1,202.46","1,222.81","1,305.61","1,411.33","1,382.76","1,411.04","1,538.03","1,693.25","1,777.65","1,864.00","1,957.44","2,055.36","2,154.65",2017
Kosovo,n/a,n/a,n/a,n/a,n/a,n/a,n/a,n/a,n/a,n/a,n/a,n/a,n/a,n/a,n/a,n/a,n/a,n/a,n/a,n/a,2.108,2.535,2.701,3.354,3.62,3.74,3.918,4.743,5.714,5.668,5.841,6.699,6.503,7.075,7.398,6.444,6.717,7.243,8.359,8.934,9.563,10.208,10.909,11.629,2016
Kuwait,28.724,25.249,21.583,20.317,21.457,21.54,17.376,20.817,19.281,23.855,18.293,10.826,19.866,23.996,24.796,27.189,31.492,30.35,25.944,30.123,37.721,34.886,38.135,47.844,59.439,80.807,101.559,114.677,147.402,105.992,115.401,154.02,174.066,174.179,162.695,114.606,110.873,120.351,135.305,140.146,146.465,154.664,164.035,173.778,2016
Kyrgyz Republic,n/a,n/a,n/a,n/a,n/a,n/a,n/a,n/a,n/a,n/a,n/a,n/a,0.917,0.665,1.108,1.493,1.822,1.767,1.63,1.242,1.368,1.525,1.606,1.92,2.214,2.459,2.837,3.807,5.139,4.69,4.794,6.198,6.604,7.335,7.467,6.678,6.551,7.163,7.588,8.029,8.467,8.872,9.374,9.824,2016
Lao P.D.R.,1.913,1.118,1.119,2.047,2.93,3.685,2.577,1.815,1.182,1.46,1.742,2.053,2.354,2.652,3.081,3.579,3.726,3.515,1.334,1.415,1.72,1.757,1.844,2.259,2.649,3.049,3.915,4.757,5.948,6.431,7.504,8.963,10.195,11.974,13.266,14.363,15.916,16.984,18.337,20.059,21.938,23.906,26.022,28.318,2016
Latvia,n/a,n/a,n/a,n/a,n/a,n/a,n/a,n/a,n/a,n/a,n/a,n/a,1.694,2.728,4.532,5.41,5.97,6.527,7.178,7.534,7.941,8.351,9.553,11.753,14.377,16.949,21.466,30.946,35.763,26.238,23.809,28.496,28.141,30.26,31.385,26.986,27.584,30.319,35.915,38.621,41.38,44.04,46.777,49.45,2017
Lebanon,4.074,3.894,2.656,3.66,4.327,3.614,2.817,3.298,3.314,2.718,2.838,4.452,5.546,7.535,9.11,11.119,12.997,15.745,17.289,17.405,17.248,17.595,19.091,19.749,21.146,21.49,22.049,24.873,29.228,35.477,38.42,40.076,43.869,46.014,47.833,49.459,49.611,51.457,53.62,56.379,59.017,61.945,65.026,68.29,2013
Lesotho,0.47,0.477,0.397,0.436,0.391,0.312,0.359,0.468,0.531,0.552,0.666,0.756,0.877,0.876,0.923,1.038,0.983,1.036,0.955,0.937,0.911,0.754,0.825,1.193,1.488,1.596,1.634,1.891,1.755,2.074,2.525,2.779,2.655,2.506,2.647,2.351,2.442,2.768,2.92,3.062,3.184,3.312,3.464,3.571,2016
Liberia,n/a,n/a,n/a,n/a,n/a,n/a,n/a,n/a,n/a,n/a,n/a,n/a,n/a,n/a,n/a,n/a,n/a,n/a,n/a,n/a,0.874,0.906,0.927,0.748,0.897,0.949,1.119,1.373,1.726,1.768,1.998,2.398,2.721,3.067,3.144,3.177,3.278,3.285,3.332,3.534,3.803,4.035,4.417,4.778,2016
Libya,38.941,33.641,33.541,31.963,29.93,29.44,23.987,22.294,25.067,26.594,30.644,33.908,34.358,30.921,28.796,32.69,35.683,36.531,29.96,35.975,38.271,34.112,20.471,26.186,32.996,47.335,54.963,67.69,73.917,50.808,68.974,31.999,79.759,51.896,24.262,17.194,18.539,31.331,43.636,46.923,50.095,54.248,58.949,65.114,2016
Lithuania,n/a,n/a,n/a,n/a,n/a,n/a,n/a,n/a,n/a,n/a,n/a,n/a,n/a,n/a,n/a,6.698,8.385,10.121,11.241,10.973,11.539,12.253,14.275,18.803,22.647,26.182,30.235,39.787,48.125,37.533,37.2,43.564,42.887,46.423,48.632,41.53,42.791,47.263,54.352,58.215,62.122,65.976,69.997,73.992,2017
Luxembourg,6.46,5.571,4.575,4.491,4.403,4.562,6.638,8.244,9.339,9.944,12.68,13.738,15.39,15.778,17.558,20.655,20.547,18.503,19.341,21.173,21.322,21.287,23.689,29.608,34.722,37.408,42.45,50.959,56.114,51.501,53.312,60.06,56.709,61.758,66.433,57.814,58.655,62.393,72.461,77.436,82.509,87.452,92.556,97.646,2016
Macao SAR,n/a,n/a,n/a,n/a,n/a,n/a,n/a,n/a,n/a,n/a,n/a,n/a,n/a,n/a,n/a,n/a,n/a,n/a,n/a,n/a,n/a,6.811,7.323,8.195,10.586,12.092,14.79,18.341,20.917,21.475,28.124,36.708,43.032,51.552,55.348,45.361,45.368,49.802,53.754,57.573,61.117,64.452,67.929,71.583,2016
FYR Macedonia,n/a,n/a,n/a,n/a,n/a,n/a,n/a,n/a,n/a,n/a,n/a,n/a,2.443,2.687,3.561,4.687,4.642,3.928,3.764,3.867,3.774,3.709,3.991,4.946,5.684,6.257,6.86,8.337,9.912,9.4,9.415,10.659,9.751,10.824,11.378,10.067,10.759,11.366,13.085,13.904,14.833,15.785,16.813,17.859,2017
Madagascar,4.042,3.595,3.526,3.512,2.939,2.858,3.258,2.566,2.442,2.498,3.081,2.677,3.001,3.371,2.977,3.16,3.995,3.546,3.738,3.721,3.878,4.53,4.397,5.474,4.364,5.039,5.516,7.343,9.413,8.55,8.73,9.893,9.92,10.602,10.674,9.744,10.001,11.463,12.611,13.559,14.607,15.65,16.686,17.776,2015
Malawi,2.146,2.146,2.046,2.121,2.095,1.962,2.048,2.013,2.314,2.639,2.999,3.821,3.12,3.591,2.081,2.423,3.956,4.619,3.036,3.08,3.023,2.967,3.496,3.211,3.476,3.656,3.998,4.431,5.321,6.195,6.957,7.984,5.981,5.432,6.055,6.402,5.475,6.206,6.746,7.024,7.431,7.895,8.445,9.1,2011
Malaysia,26.382,26.938,28.868,32.286,36.568,33.612,29.879,34.046,37.315,41.095,46.575,52.765,63.521,71.837,79.985,95.395,108.3,107.57,77.508,84.996,100.719,99.639,108.296,118.344,133.966,148.245,168.084,199.96,238.645,208.914,255.024,297.961,314.443,323.276,338.066,296.434,296.536,314.497,364.919,402.605,439.056,478.215,521.218,568.018,2017
Maldives,0.063,0.073,0.087,0.094,0.113,0.134,0.158,0.149,0.178,0.201,0.231,0.262,0.306,0.346,0.382,0.466,0.527,0.652,0.693,0.756,0.801,0.767,0.828,1.052,1.227,1.163,1.575,1.868,2.272,2.345,2.588,2.629,2.885,3.284,3.69,3.995,4.213,4.505,4.825,5.169,5.582,6.034,6.527,7.039,2016
Mali,2.031,1.66,1.468,1.418,1.416,1.426,1.981,2.308,2.316,2.827,3.223,3.284,3.372,3.362,2.575,3.337,3.416,3.208,3.328,3.444,2.962,3.468,3.902,4.712,5.45,6.255,6.906,8.157,9.797,10.207,10.699,12.99,12.45,13.25,14.411,13.107,14.039,15.318,17.907,19.247,20.73,22.294,23.818,25.486,2016
Malta,n/a,n/a,n/a,n/a,n/a,n/a,n/a,n/a,n/a,n/a,n/a,n/a,n/a,n/a,n/a,3.367,3.433,3.475,3.682,3.842,4.059,4.068,4.474,5.422,6.049,6.402,6.79,7.944,9.02,8.55,8.757,9.515,9.211,10.15,11.234,10.56,11.278,12.543,14.873,16.046,17.221,18.314,19.422,20.537,2017
Marshall Islands,n/a,n/a,n/a,n/a,n/a,n/a,n/a,n/a,n/a,n/a,n/a,n/a,n/a,n/a,n/a,n/a,n/a,0.106,0.109,0.108,0.111,0.115,0.125,0.127,0.131,0.138,0.144,0.151,0.153,0.153,0.165,0.173,0.185,0.191,0.183,0.18,0.194,0.199,0.205,0.211,0.217,0.224,0.23,0.236,2017
Mauritania,n/a,n/a,n/a,n/a,n/a,n/a,n/a,n/a,n/a,n/a,1.213,1.39,1.464,1.25,1.316,1.415,1.443,1.402,1.371,1.406,1.294,1.296,1.324,1.563,1.831,2.184,3.041,3.331,3.947,3.67,4.33,5.176,5.234,5.724,5.391,4.839,4.755,5.116,5.435,5.54,5.902,6.411,6.943,7.506,2014
Mauritius,1.173,1.114,1.069,1.132,1.047,1.061,1.432,1.813,2.103,2.161,2.592,2.851,3.211,3.309,3.673,4.195,4.337,4.073,4.114,4.344,4.663,4.614,4.841,5.817,6.579,6.489,6.732,7.792,9.641,8.835,9.718,11.263,11.446,11.932,12.613,11.511,12.15,12.428,13.297,14.217,15.126,16.024,16.881,17.784,2016
Mexico,228.606,293.61,213.077,173.714,204.86,217.388,150.513,165.058,201.926,246.079,290.402,348.139,403.733,500.795,527.811,360.096,410.973,500.416,526.522,600.225,707.909,756.693,772.11,729.335,782.243,877.477,975.383,"1,052.70","1,109.99",900.047,"1,057.80","1,180.49","1,201.09","1,274.44","1,314.39","1,169.63","1,076.91","1,149.24","1,212.83","1,285.08","1,354.46","1,427.56","1,505.53","1,586.37",2016
Micronesia,n/a,n/a,n/a,n/a,n/a,n/a,n/a,n/a,n/a,n/a,n/a,n/a,n/a,n/a,n/a,0.222,0.219,0.207,0.219,0.221,0.234,0.241,0.243,0.246,0.241,0.251,0.254,0.257,0.264,0.281,0.297,0.311,0.327,0.316,0.318,0.315,0.323,0.327,0.335,0.342,0.347,0.353,0.358,0.363,2015
Moldova,n/a,n/a,n/a,n/a,n/a,n/a,n/a,n/a,n/a,n/a,n/a,n/a,0.864,1.11,1.158,1.441,1.694,1.928,1.697,1.172,1.315,1.481,1.662,1.981,2.598,2.988,3.408,4.401,6.055,5.438,5.813,7.018,7.283,7.985,7.983,6.496,6.773,8.085,9.202,9.903,10.501,11.064,11.466,11.895,2016
Mongolia,3.188,3.336,3.463,3.59,3.316,3.851,4.25,4.776,4.797,4.997,3.131,3.297,1.831,0.902,1.082,1.697,1.573,1.38,1.314,1.236,1.329,1.485,1.634,1.864,2.317,2.93,4.084,5.37,8.084,5.976,7.185,10.41,12.293,12.582,12.196,11.726,11.053,11.135,12.511,13.786,15.049,16.608,18.808,21.01,2016
Montenegro,n/a,n/a,n/a,n/a,n/a,n/a,n/a,n/a,n/a,n/a,n/a,n/a,n/a,n/a,n/a,n/a,n/a,n/a,n/a,n/a,0.966,1.15,1.268,1.681,2.072,2.262,2.724,3.686,4.567,4.17,4.147,4.543,4.09,4.466,4.595,4.055,4.376,4.764,5.547,5.862,6.214,6.572,6.969,7.344,2016
Morocco,21.998,17.86,18.028,16.296,14.904,15.043,19.864,21.911,25.947,26.706,30.18,32.286,33.712,31.656,35.605,39.029,43.162,39.147,41.806,41.632,38.859,39.46,42.238,52.064,59.626,62.343,68.641,79.041,92.507,92.897,93.217,101.371,98.266,106.826,110.081,101.187,103.607,109.824,120.997,129.033,137.785,147.102,157.187,167.876,2016
Mozambique,5.401,4.195,4.285,3.838,3.998,5.285,6.203,2.803,2.463,2.574,4.13,3.217,2.177,2.265,2.458,2.524,3.468,4.11,4.718,5.167,4.667,4.567,4.977,5.549,6.749,7.595,8.304,9.466,11.555,11.243,10.457,13.131,15.178,16.013,16.872,14.798,11.272,12.681,14.321,15.017,15.698,16.378,17.055,19.081,2016
Myanmar,n/a,n/a,n/a,n/a,n/a,n/a,n/a,n/a,n/a,n/a,n/a,n/a,n/a,n/a,n/a,n/a,n/a,n/a,7.441,9.777,10.259,7.462,7.808,12.058,12.173,13.809,16.707,23.25,34.49,37.998,49.541,59.977,59.731,60.133,65.575,59.485,63.251,66.537,70.715,74.974,83.018,91.88,101.61,112.014,2017
Namibia,n/a,n/a,n/a,n/a,n/a,n/a,n/a,n/a,n/a,n/a,2.838,2.854,3.014,2.891,3.254,3.503,3.494,3.636,3.215,3.384,3.911,3.55,3.369,4.932,6.617,7.258,7.984,8.73,8.496,8.915,11.281,12.423,13.016,12.724,12.796,11.577,10.945,12.687,13.298,14.071,14.939,15.766,16.63,17.531,2016
Nauru,n/a,n/a,n/a,n/a,n/a,n/a,n/a,n/a,n/a,n/a,n/a,n/a,n/a,n/a,n/a,n/a,n/a,n/a,n/a,n/a,n/a,n/a,n/a,n/a,0.031,0.031,0.028,0.02,0.039,0.044,0.049,0.073,0.104,0.109,0.117,0.1,0.102,0.114,0.114,0.114,0.117,0.121,0.124,0.128,2016
Nepal,1.98,2.315,2.34,2.56,2.708,2.812,3.06,3.175,3.743,3.784,3.894,4.261,3.872,4.158,4.344,4.716,4.861,5.284,5.253,5.404,5.731,5.891,5.976,6.328,7.274,8.18,9.044,10.325,12.545,12.855,16.002,19.011,18.852,19.27,19.995,21.411,21.132,24.472,27.278,28.75,30.358,32.551,34.907,37.425,2016
Netherlands,189.492,158.826,153.874,149.81,139.44,141.47,197.161,241.493,258.269,254.481,313.991,323.413,357.947,348.102,373.918,446.932,445.838,412.71,433.07,442.545,413.935,426.865,466.808,572.847,651.216,679.633,727.256,840.583,940.665,860.108,837.949,894.576,829.406,866.951,881.033,758.381,777.548,825.745,945.327,994.771,"1,039.16","1,082.06","1,125.71","1,168.04",2017
New Zealand,22.52,23.439,23.205,22.453,22.347,22.508,27.39,36.927,45.442,44.062,45.774,43.446,41.53,44.799,52.873,62.211,69.064,68.888,56.78,58.848,54.139,53.106,62.046,82.47,101.581,113.206,109.762,134.945,135.53,121.732,145.31,167.114,175.062,186.98,199.837,175.784,185.38,201.485,220.888,235.328,251.177,267.987,284.687,300.142,2017
Nicaragua,1.832,2.156,2.497,2.9,3.966,3.854,5.8,3.409,1.499,2.082,0.519,3.678,3.894,3.726,3.861,4.14,4.308,4.39,4.635,4.856,5.109,5.335,5.224,5.322,5.793,6.321,6.764,7.423,8.497,8.297,8.759,9.774,10.532,10.983,11.88,12.748,13.23,13.727,14.532,15.499,16.518,17.6,18.773,20.026,2016
Niger,2.509,2.171,2.018,1.803,1.461,1.44,1.904,2.233,2.28,2.18,2.48,2.328,2.345,2.221,1.563,1.756,1.88,1.733,1.98,1.916,1.671,1.815,2.072,2.645,2.9,3.374,3.65,4.29,5.429,5.411,5.729,6.415,6.946,7.67,8.243,7.221,7.531,8.253,9.869,10.717,11.663,12.804,13.937,15.005,2016
Nigeria,n/a,n/a,n/a,n/a,n/a,n/a,n/a,n/a,n/a,n/a,62.165,60.131,52.275,56.807,80.128,132.23,172.686,187.866,209.677,57.477,67.824,73.128,93.983,102.935,130.345,169.645,222.791,262.215,330.26,297.458,369.062,414.095,460.952,514.965,568.496,493.841,405.442,376.284,408.612,475.566,557.442,647.023,751.832,873.886,2017
Norway,64.439,63.597,62.647,61.628,62.058,65.417,78.693,94.231,101.901,102.634,119.791,121.872,130.838,120.579,127.132,152.028,163.517,161.354,154.165,162.287,171.315,174.004,195.419,228.752,264.356,308.722,345.423,401.085,462.552,386.62,429.131,498.831,510.229,523.502,499.339,386.663,371.075,396.457,443.252,460.177,474.987,489.57,505.044,520.562,2017
Oman,6.342,7.719,8.101,8.491,9.358,10.395,8.229,8.628,8.386,9.372,11.686,11.342,12.452,12.494,12.919,13.803,15.277,15.838,13.997,15.594,19.508,19.452,20.143,21.634,24.764,31.082,37.216,42.086,60.906,48.389,58.642,67.937,76.689,78.939,81.077,68.905,66.824,74.274,82.62,85.636,87.775,90.59,94.176,98.207,2015
Pakistan,30.938,36.599,40.012,37.369,40.573,40.566,41.543,43.437,50.108,52.256,52.429,59.556,63.727,67.443,67.998,79.452,82.969,81.808,81.487,82.521,79.705,77.933,77.937,89.689,105.607,118.475,137.236,152.369,170.853,167.875,177.166,213.588,224.384,231.218,244.361,270.556,278.913,303.993,n/a,n/a,n/a,n/a,n/a,n/a,2016
Palau,n/a,n/a,n/a,n/a,n/a,n/a,n/a,n/a,n/a,n/a,n/a,n/a,n/a,n/a,n/a,n/a,n/a,n/a,n/a,n/a,0.148,0.158,0.162,0.158,0.173,0.191,0.193,0.195,0.197,0.187,0.183,0.2,0.215,0.228,0.246,0.298,0.308,0.312,0.321,0.341,0.355,0.369,0.384,0.399,2016
Panama,4.039,4.571,5.05,5.185,5.412,5.726,5.95,5.976,5.167,5.181,5.632,6.193,7.04,7.688,8.198,8.38,9.881,10.677,11.575,12.13,12.304,12.502,12.994,13.694,15.013,16.374,18.145,21.85,25.558,27.712,30.15,35.837,41.648,46.718,51.228,54.316,57.821,61.838,66.711,72.371,78.149,84.369,91.065,98.329,2017
Papua New Guinea,4.158,4.081,3.871,3.865,3.57,3.306,3.597,3.953,5.494,5.329,4.84,5.693,6.578,7.477,8.217,7.273,7.74,7.398,5.655,5.16,5.258,4.61,4.58,5.584,6.276,7.312,8.306,9.545,11.671,11.619,14.251,17.985,21.295,21.261,23.004,22.962,22.568,23.617,26.312,27.411,28.683,30.122,31.67,33.246,2015
Paraguay,4.095,5.22,5.47,6.069,4.931,4.214,5.032,4.216,5.584,4.046,4.904,6.984,7.158,7.249,7.871,9.062,9.788,9.965,9.025,8.393,8.196,7.663,6.325,6.588,8.034,8.735,10.646,13.795,18.503,15.934,20.048,25.1,24.595,28.966,30.881,27.283,27.424,29.619,32.291,34.615,36.994,39.406,42.003,44.786,2016
Peru,20.186,24.394,24.254,18.859,19.439,16.82,25.236,41.673,32.971,40.692,28.32,33.988,35.376,34.329,43.792,52.139,54.09,56.911,54.6,49.378,51.005,51.613,54.451,59.045,66.71,74.97,87.887,102.187,121.591,121.019,148.013,168.76,189.001,197.867,203.075,192.353,195.432,215.224,231.567,246.714,262.05,277.634,294.057,311.213,2017
Philippines,36.045,39.595,41.254,36.891,34.857,33.995,33.174,36.871,42.082,47.291,49.095,50.32,58.695,60.237,71.003,82.121,91.792,91.234,72.207,82.995,81.023,76.262,81.358,83.908,91.371,103.074,122.211,149.36,173.603,168.485,199.591,224.143,250.092,271.836,284.585,292.774,304.906,313.419,332.449,355.744,392.214,430.786,474.673,523.013,2017
Poland,56.619,53.647,65.187,75.406,75.507,70.775,73.677,63.714,68.612,66.895,62.084,80.451,88.713,90.366,103.683,139.089,156.684,157.183,172.05,167.799,171.276,190.43,198.679,217.514,255.284,306.145,344.759,429.473,533.8,440.14,479.161,528.571,500.846,524.399,545.074,477.347,471.216,524.886,614.19,649.974,684.262,719.752,755.569,793.171,2017
Portugal,32.611,32.48,30.681,28.27,25.954,27.233,37.873,47.391,55.44,59.812,79.447,89.913,108.13,95.149,99.702,118.194,122.654,117.241,124.159,127.63,118.682,121.629,134.644,165.248,189.386,197.624,208.741,240.502,263.25,244.364,238.748,245.119,216.488,226.144,229.995,199.521,205.269,218.064,248.891,260.353,271.833,281.739,291.986,301.783,2017
Puerto Rico,14.436,15.956,16.764,17.277,19.163,20.289,21.969,23.878,26.178,28.267,30.604,32.287,34.63,36.923,39.691,42.647,45.341,48.187,54.086,57.841,61.702,69.669,72.546,75.834,80.322,83.915,87.276,89.524,93.639,96.386,98.381,100.352,101.565,102.45,102.446,103.144,105.035,98.805,97.353,96.98,96.967,97.06,97.497,98.271,2016
Qatar,7.829,8.661,7.597,6.468,6.704,6.272,4.95,5.216,5.004,5.288,7.36,6.884,7.646,7.157,7.374,8.138,9.059,11.298,10.255,12.393,17.76,17.538,19.364,23.534,31.734,44.53,60.882,79.712,115.27,97.798,125.122,167.775,186.834,198.728,206.225,164.641,152.469,166.326,183.807,193.906,198.723,205.589,216.114,228.745,2016
Romania,46.348,55.674,55.729,48.711,39.361,48.595,52.625,58.852,60.925,54.583,38.762,29.256,19.906,26.795,30.571,36.067,35.921,35.872,42.815,36.183,37.466,40.717,46.174,59.868,76.217,99.699,123.534,175.937,213.609,172.61,166.658,184.367,171.665,191.548,199.495,177.913,187.807,211.315,245.59,265.265,286.112,306.55,328.277,350.58,2016
Russian Federation,n/a,n/a,n/a,n/a,n/a,n/a,n/a,n/a,n/a,n/a,n/a,n/a,91.941,197.428,297.487,336.82,420.966,435.112,291.23,210.492,279.033,329.407,371.213,462.332,634.944,820.568,"1,063.64","1,396.48","1,784.51","1,313.68","1,638.46","2,051.66","2,210.26","2,297.13","2,063.66","1,368.40","1,281.29","1,527.47","1,719.90","1,754.29","1,786.76","1,833.72","1,889.62","1,974.34",2017
Rwanda,1.259,1.429,1.525,1.629,1.56,1.853,2.1,2.331,2.495,2.605,2.491,1.837,1.95,1.881,1.195,1.239,1.343,1.808,1.931,1.797,1.718,1.62,1.668,1.835,2.091,2.584,3.151,3.826,4.863,5.38,5.774,6.492,7.316,7.623,8.01,8.294,8.475,9.137,9.944,10.532,11.571,12.624,13.838,15.169,2016
Samoa,0.124,0.116,0.119,0.11,0.108,0.103,0.109,0.121,0.135,0.138,0.177,0.172,0.188,0.193,0.154,0.236,0.251,0.273,0.279,0.255,0.264,0.266,0.282,0.333,0.408,0.474,0.503,0.554,0.667,0.586,0.639,0.739,0.801,0.805,0.804,0.804,0.786,0.84,0.881,0.92,0.987,1.025,1.066,1.11,2017
San Marino,n/a,n/a,n/a,n/a,n/a,n/a,n/a,n/a,n/a,n/a,n/a,n/a,n/a,n/a,n/a,n/a,n/a,n/a,n/a,n/a,n/a,n/a,n/a,n/a,1.88,1.962,2.095,2.401,2.664,2.3,2.079,1.997,1.749,1.808,1.791,1.524,1.565,1.636,1.809,1.864,1.921,1.97,2.021,2.071,2016
Sãï Tom and Príîcipe,0.069,0.084,0.081,0.076,0.079,0.083,0.117,0.118,0.1,0.099,0.12,0.108,0.096,0.127,0.132,0.104,0.034,0.046,0.054,0.056,0.058,0.072,0.081,0.098,0.108,0.13,0.14,0.148,0.188,0.188,0.197,0.233,0.253,0.303,0.348,0.318,0.351,0.379,0.443,0.489,0.537,0.583,0.629,0.675,2016
Saudi Arabia,164.54,184.291,153.24,129.181,119.631,103.894,86.886,85.582,88.138,95.217,117.473,132.047,136.905,132.791,134.995,143.152,158.451,165.742,146.775,161.717,189.515,184.137,189.606,215.808,258.742,328.206,376.398,415.687,519.797,429.098,526.811,671.239,735.975,746.647,756.35,654.27,644.935,683.827,748.003,759.219,776.275,801.552,832.04,866.043,2016
Senegal,3.503,3.177,3.11,2.774,2.706,2.962,4.19,5.041,4.985,4.913,5.717,5.617,6.005,5.679,3.877,4.879,5.066,4.672,5.058,5.151,4.692,4.881,5.35,6.871,8.039,8.721,9.367,11.301,13.439,12.805,12.948,14.388,14.235,14.874,15.332,13.671,14.715,16.463,19.722,21.722,23.927,26.244,28.782,31.35,2016
"Serbia, Republic of",n/a,n/a,n/a,n/a,n/a,n/a,n/a,n/a,n/a,n/a,n/a,n/a,n/a,n/a,n/a,n/a,n/a,n/a,n/a,n/a,9.312,12.313,16.177,21.219,24.743,26.075,30.721,40.499,49.165,42.611,39.035,46.488,40.734,45.52,44.211,37.16,38.3,41.471,48.279,51.304,55.109,59.028,63.299,67.834,2016
Seychelles,0.147,0.154,0.148,0.147,0.151,0.169,0.208,0.249,0.284,0.305,0.369,0.374,0.434,0.474,0.486,0.508,0.503,0.563,0.608,0.623,0.615,0.622,0.698,0.706,0.839,0.919,1.016,1.034,0.998,0.847,0.97,1.018,1.06,1.328,1.343,1.377,1.429,1.482,1.569,1.659,1.749,1.85,1.945,2.039,2015
Sierra Leone,1.701,1.823,2.05,1.782,2.062,1.755,1.314,1.145,1.877,1.724,0.948,1.138,0.992,1.122,1.331,1.273,1.374,1.24,0.981,0.977,0.941,1.084,1.25,1.38,1.439,1.649,1.884,2.159,2.511,2.454,2.578,2.942,3.802,4.916,5.007,4.252,3.785,3.641,3.824,3.976,4.259,4.579,5.111,5.563,2016
Singapore,12.079,14.363,15.874,18.002,19.55,18.555,18.763,21.606,26.515,31.393,38.9,45.473,52.157,60.645,73.776,87.892,96.401,100.164,85.708,86.285,95.836,89.285,91.942,97.002,114.187,127.418,147.794,179.981,192.231,192.406,236.42,275.972,290.679,304.454,311.552,304.092,309.754,323.902,349.659,367.783,385.237,401.863,419.192,437.824,2017
Slovak Republic,n/a,n/a,n/a,n/a,n/a,n/a,n/a,n/a,n/a,n/a,n/a,n/a,n/a,13.669,15.772,19.951,21.579,21.891,22.804,20.841,20.691,21.386,24.854,34.023,43.121,49.048,57.402,77.105,97.03,89.171,89.668,98.271,93.466,98.509,101.109,87.545,89.806,95.938,111.483,119.875,128.394,136.873,145.385,153.732,2017
Slovenia,n/a,n/a,n/a,n/a,n/a,n/a,n/a,n/a,n/a,n/a,n/a,n/a,19.2,16.564,16.783,21.304,21.489,20.791,22.147,22.748,20.446,20.9,23.613,29.736,34.504,36.401,39.621,48.167,55.853,50.372,48.103,51.338,46.378,48.131,49.984,43.094,44.727,48.868,56.933,60.638,64.307,67.789,71.28,74.595,2017
Solomon Islands,0.177,0.188,0.187,0.176,0.176,0.16,0.143,0.15,0.171,0.167,0.208,0.22,0.261,0.291,0.369,0.429,0.473,0.495,0.423,0.448,0.381,0.38,0.324,0.314,0.363,0.429,0.471,0.516,0.608,0.598,0.681,0.933,1.064,1.13,1.174,1.158,1.235,1.277,1.377,1.463,1.556,1.659,1.773,1.906,2016
Somalia,n/a,n/a,n/a,n/a,n/a,n/a,n/a,n/a,n/a,n/a,n/a,n/a,n/a,n/a,n/a,n/a,n/a,n/a,n/a,n/a,n/a,n/a,n/a,n/a,n/a,n/a,n/a,n/a,n/a,n/a,n/a,5.748,5.932,6.262,6.528,6.739,6.887,7.382,7.781,8.21,8.688,9.182,9.695,10.237,2016
South Africa,82.981,85.463,78.415,87.417,77.315,59.102,67.562,88.572,95.207,99.044,115.533,123.964,134.557,134.345,139.804,155.461,147.701,152.611,137.686,136.55,136.453,121.602,115.748,175.254,228.931,257.667,271.812,299.033,287.095,297.221,375.304,416.879,396.332,366.821,350.901,317.698,295.678,349.299,370.887,386.853,403.828,420.657,438.248,455.776,2017
South Sudan,n/a,n/a,n/a,n/a,n/a,n/a,n/a,n/a,n/a,n/a,n/a,n/a,n/a,n/a,n/a,n/a,n/a,n/a,n/a,n/a,n/a,n/a,n/a,n/a,n/a,n/a,n/a,n/a,n/a,n/a,n/a,17.186,11.267,14.94,15.1,12.485,3.056,2.87,3.194,2.807,2.954,3.086,3.21,3.493,2016
Spain,230.189,204.082,197.154,172.429,171.955,181.172,250.683,317.602,373.143,411.571,533.917,575.021,628.565,528.01,529.824,612.429,638.444,587.92,616.885,634.369,597.03,626.403,707.326,908.413,"1,070.68","1,159.15","1,265.61","1,481.39","1,642.77","1,502.90","1,434.29","1,489.43","1,336.76","1,362.28","1,379.10","1,198.39","1,237.77","1,313.95","1,506.44","1,583.87","1,660.20","1,731.05","1,804.59","1,874.97",2017
Sri Lanka,5.024,5.228,5.644,6.093,7.142,7.064,7.571,7.884,8.24,8.271,9.468,10.367,11.176,11.948,13.781,14.635,16.051,17.888,18.43,18.532,19.371,18.61,19.585,21.621,23.655,27.945,32.359,37.043,46.602,48.113,56.71,65.267,68.419,74.464,79.338,79.557,80.978,87.591,93.454,99.651,106.319,113.526,121.367,130.169,2017
St. Kitts and Nevis,0.058,0.069,0.079,0.078,0.091,0.101,0.119,0.136,0.161,0.179,0.203,0.201,0.223,0.243,0.272,0.293,0.312,0.351,0.366,0.389,0.42,0.461,0.483,0.465,0.503,0.543,0.636,0.674,0.739,0.723,0.705,0.753,0.734,0.788,0.848,0.876,0.9,0.928,0.972,1.024,1.077,1.13,1.185,1.241,2016
St. Lucia,0.152,0.173,0.163,0.176,0.224,0.253,0.302,0.335,0.382,0.434,0.516,0.547,0.6,0.611,0.637,0.681,0.705,0.721,0.783,0.824,0.834,0.798,0.804,0.883,0.954,1.016,1.134,1.277,1.282,1.263,1.382,1.438,1.437,1.47,1.517,1.622,1.643,1.686,1.755,1.825,1.893,1.96,2.026,2.088,2016
St. Vincent and the Grenadines,0.082,0.102,0.114,0.122,0.135,0.146,0.161,0.176,0.201,0.215,0.24,0.255,0.278,0.286,0.289,0.316,0.331,0.348,0.374,0.391,0.396,0.43,0.462,0.482,0.522,0.551,0.611,0.652,0.695,0.675,0.681,0.676,0.693,0.721,0.727,0.755,0.77,0.801,0.835,0.871,0.909,0.951,0.992,1.036,2016
Sudan,9.902,7.109,5.169,7.06,8.701,6.039,8.056,13.025,10.398,18.347,2.444,2.752,3.375,5.712,6.49,7.288,9.12,11.742,11.308,10.714,13.134,15.716,18.137,21.355,26.646,35.183,45.264,59.44,64.833,59.84,74.54,75.41,67.694,56.085,62.319,64.059,57.649,58.239,41.676,43.16,44.644,46.122,47.478,48.959,2015
Suriname,1.192,1.333,1.372,1.325,1.296,1.309,1.336,1.469,1.741,2.034,0.539,0.594,0.551,0.434,0.488,0.927,1.153,1.235,1.483,1.222,1.266,1.09,1.376,1.615,1.868,2.235,2.626,2.936,3.533,3.876,4.368,4.422,4.98,5.146,5.241,4.826,3.278,3.347,3.857,4.226,4.479,4.715,5.006,5.325,2016
Swaziland,1.142,1.144,1.092,1.184,0.998,0.714,0.77,1.028,1.038,1.045,1.23,1.292,1.442,1.479,1.608,1.951,1.858,1.986,1.833,1.81,1.797,1.602,1.476,2.266,2.859,3.245,3.351,3.526,3.356,3.648,4.498,4.878,4.755,4.42,4.301,3.929,3.848,4.491,4.572,4.644,4.769,4.914,5.061,5.225,2015
Sweden,138.173,126.126,111.343,102.363,106.624,111.544,147.297,179.074,202.607,213.054,255.94,268.618,279.382,209.95,226.081,264.053,288.106,264.478,266.802,270.847,259.801,239.916,263.926,331.109,381.706,389.043,420.029,487.818,513.966,429.656,488.378,563.11,543.881,578.742,573.818,497.918,514.46,538.575,600.771,628.802,653.738,681.242,713.091,744.969,2017
Switzerland,118.954,108.905,111.579,111.278,106.269,107.779,154.449,193.384,209.365,202.212,258.017,261.197,271.577,264.178,292.675,342.765,330.196,286.561,294.83,289.707,272.218,278.692,301.538,353.169,393.711,408.728,431.089,480.199,553.765,541.692,583.225,699.633,667.862,688.664,709.263,679.205,668.748,678.575,741.688,779.327,815.783,850.816,889.872,929.253,2017
Syria,12.98,16.652,17.415,18.649,19.171,21.177,25.428,32.497,16.538,9.849,12.303,12.738,13.263,13.796,15.105,16.556,17.761,16.573,16.144,16.785,19.861,20.979,22.758,21.702,25.204,28.881,33.824,40.488,52.631,53.939,60.043,n/a,n/a,n/a,n/a,n/a,n/a,n/a,n/a,n/a,n/a,n/a,n/a,n/a,2010
Taiwan Province of China,42.3,48.986,49.545,54.162,61.088,63.641,78.234,105.04,126.461,152.727,166.845,187.351,223.123,235.166,256.438,279.27,292.687,303.706,280.407,304.174,331.407,300.422,308.884,318.597,348.521,375.787,388.547,408.221,417.038,392.106,446.141,485.671,495.919,511.599,530.515,525.601,530.608,579.302,613.295,620.6,632.217,641.859,648.95,659.566,2016
Tajikistan,n/a,n/a,n/a,n/a,n/a,n/a,n/a,n/a,n/a,n/a,n/a,n/a,0.291,0.678,0.829,0.569,1.052,1.121,1.32,1.087,0.991,1.057,1.212,1.555,2.073,2.311,2.811,3.712,5.135,4.977,5.642,6.523,7.592,8.506,9.242,7.857,6.953,7.279,7.659,8.176,8.68,9.221,9.79,10.389,2017
Tanzania,7.412,8.865,10.178,10.425,9.485,8.558,10.82,5.331,5.124,4.343,3.43,4.031,3.7,3.412,3.627,4.251,5.311,6.415,9.454,11.624,12.423,12.743,13.216,14.178,15.547,16.93,18.61,21.502,27.368,28.574,31.086,33.583,39.088,44.414,48.256,45.634,47.653,51.725,56.664,61.66,67.145,73.105,79.438,86.262,2016
Thailand,33.422,35.999,37.799,41.366,43.179,40.185,44.52,52.204,63.704,74.637,88.467,101.247,115.576,128.89,146.684,169.279,183.035,150.18,113.676,126.669,126.392,120.297,134.301,152.281,172.895,189.318,221.759,262.943,291.383,281.71,341.105,370.818,397.558,420.334,407.339,401.384,411.847,455.378,483.739,520.074,550.334,581.508,614.413,649.923,2017
Timor-Leste,n/a,n/a,n/a,n/a,n/a,n/a,n/a,n/a,n/a,n/a,n/a,n/a,n/a,n/a,n/a,n/a,n/a,n/a,n/a,n/a,0.44,0.518,0.511,0.543,1.078,1.814,2.658,2.881,4.391,3.2,3.999,5.682,6.671,5.65,4.045,3.104,2.521,2.61,2.74,3.029,3.254,3.478,3.576,3.687,2016
Togo,1.479,1.228,1.035,0.986,0.906,0.95,1.331,1.562,1.739,1.706,2.055,2.031,2.13,1.623,1.258,1.661,1.815,1.849,1.75,1.757,1.493,1.483,1.706,2.116,2.26,2.283,2.352,2.663,3.326,3.374,3.432,3.871,3.876,4.322,4.576,4.181,4.46,4.767,5.59,6.078,6.668,7.29,7.985,8.738,2015
Tonga,0.074,0.082,0.081,0.08,0.084,0.079,0.094,0.101,0.119,0.144,0.15,0.174,0.18,0.188,0.203,0.213,0.234,0.22,0.198,0.201,0.195,0.177,0.191,0.212,0.248,0.283,0.294,0.321,0.342,0.338,0.39,0.456,0.459,0.446,0.447,0.412,0.413,0.437,0.433,0.454,0.475,0.493,0.511,0.528,2016
Trinidad and Tobago,6.219,6.973,8.118,7.742,7.736,7.356,4.781,4.784,4.484,4.311,5.054,5.293,5.424,4.564,4.933,5.314,5.744,5.722,6.027,6.789,8.132,8.8,8.983,11.274,13.243,15.938,18.318,21.582,27.793,19.122,22.097,25.362,25.623,26.578,27.2,24.402,22.296,21.624,22.158,22.533,23.646,25.247,26.809,28.29,2016
Tunisia,9.566,9.223,8.9,9.202,9.055,9.246,9.911,10.663,11.073,11.069,13.474,14.202,16.978,15.944,17.052,19.654,21.283,20.747,21.803,22.943,21.473,22.066,23.142,27.454,31.184,32.272,34.377,38.91,44.84,43.624,44.054,45.81,45.044,46.253,47.605,43.156,42.074,40.275,40.298,41.956,43.84,46.256,48.927,51.841,2017
Turkey,96.526,97.794,88.854,84.906,82.583,92.76,102.304,118.885,125.153,147.688,207.375,208.109,219.091,248.447,179.208,233.34,250.263,261.775,276.012,256.485,273.085,200.305,238.342,311.944,404.853,501.163,550.796,675.01,764.643,644.47,772.29,832.497,873.696,950.328,934.075,859.449,863.39,849.48,909.885,961.655,"1,025.65","1,089.70","1,155.94","1,223.88",2016
Turkmenistan,n/a,n/a,n/a,n/a,n/a,n/a,n/a,n/a,n/a,n/a,n/a,n/a,0.951,5.363,4.542,5.874,2.379,2.681,2.862,3.857,5.022,6.933,8.7,11.424,14.196,17.174,21.393,25.962,21.516,20.214,22.583,29.233,35.164,39.198,43.524,35.8,36.18,37.926,42.353,46.401,50.678,55.735,61.39,67.709,2017
Tuvalu,n/a,n/a,n/a,n/a,n/a,n/a,n/a,n/a,n/a,n/a,n/a,n/a,n/a,n/a,n/a,n/a,n/a,n/a,n/a,n/a,0.014,0.013,0.016,0.018,0.022,0.022,0.023,0.027,0.031,0.027,0.032,0.039,0.038,0.038,0.037,0.036,0.037,0.04,0.043,0.045,0.048,0.051,0.053,0.056,2015
Uganda,5.769,9.341,6.481,7.413,5.703,5.219,5.199,8.384,8.685,7.041,5.743,3.004,2.809,3.323,4.809,5.76,5.944,6.48,6.343,6.029,5.978,6.039,6.494,6.724,8.285,9.603,10.851,13.497,17.279,18.579,20.212,21.108,24.505,25.808,27.949,25.208,25.307,26.349,27.616,29.69,33.008,35.7,40.046,43.432,2016
Ukraine,n/a,n/a,n/a,n/a,n/a,n/a,n/a,n/a,n/a,n/a,n/a,n/a,22.193,35.025,38.012,38.275,46.083,51.867,43.315,32.661,32.331,39.309,43.956,52.01,67.226,89.282,111.885,148.734,188.24,121.552,136.011,163.161,175.707,179.572,132.343,90.939,93.263,109.321,119.134,126.721,137.594,149.664,162.819,176.19,2017
United Arab Emirates,40.415,45.002,41.848,38.345,38.012,37.31,29.568,32.466,32.999,38.09,49.09,49.821,52.208,53.438,57.45,63.637,70.991,76.171,73.394,82.865,103.893,103.312,109.816,124.346,147.824,180.617,222.117,257.916,315.475,253.547,289.88,350.908,374.818,390.427,403.198,357.949,348.743,377.435,411.827,427.83,447.311,468.632,491.075,515.359,2016
United Kingdom,604.678,587.772,558.719,532.565,504.482,538.239,656.465,813.91,990.562,"1,007.18","1,192.79","1,246.40","1,286.04","1,150.60","1,234.62","1,335.48","1,410.22","1,552.81","1,638.67","1,666.04","1,651.07","1,621.93","1,771.20","2,040.25","2,399.64","2,523.53","2,696.41","3,075.54","2,921.13","2,391.35","2,443.57","2,620.60","2,662.56","2,741.60","3,024.40","2,886.21","2,660.69","2,624.53","2,936.29","3,022.58","3,121.42","3,227.56","3,350.47","3,476.62",2017
United States,"2,862.48","3,210.95","3,345.00","3,638.13","4,040.70","4,346.75","4,590.13","4,870.23","5,252.63","5,657.70","5,979.58","6,174.05","6,539.30","6,878.70","7,308.78","7,664.05","8,100.18","8,608.53","9,089.15","9,660.63","10,284.75","10,621.83","10,977.53","11,510.68","12,274.93","13,093.70","13,855.90","14,477.63","14,718.58","14,418.73","14,964.40","15,517.93","16,155.25","16,691.50","17,427.60","18,120.70","18,624.45","19,390.60","20,412.87","21,410.23","22,235.73","23,044.78","23,787.10","24,536.80",2017
Uruguay,11.199,12.499,10.218,5.609,5.334,5.212,6.47,8.095,8.375,8.827,10.27,12.376,14.223,16.568,19.299,21.312,22.657,23.974,25.394,23.995,22.832,20.907,13.632,12.067,13.708,17.398,19.62,23.461,30.366,31.661,40.285,47.962,51.266,57.531,57.236,53.275,52.42,58.415,63.37,66.749,70.497,74.183,78.158,82.359,2016
Uzbekistan,n/a,n/a,n/a,n/a,n/a,n/a,n/a,n/a,n/a,n/a,n/a,n/a,3.571,5.521,6.524,10.168,13.923,14.704,14.949,17.042,13.717,11.632,9.657,10.135,12.001,14.31,17.326,22.31,29.532,33.688,38.638,45.941,51.824,57.7,63.113,66.489,66.693,47.883,40.259,47.892,50.943,54.394,57.755,61.15,2016
Vanuatu,0.121,0.114,0.114,0.117,0.144,0.132,0.128,0.139,0.158,0.154,0.169,0.201,0.209,0.2,0.234,0.249,0.261,0.273,0.262,0.268,0.272,0.258,0.263,0.314,0.365,0.395,0.439,0.526,0.608,0.61,0.701,0.792,0.782,0.802,0.815,0.774,0.798,0.87,0.957,1.024,1.09,1.16,1.234,1.313,2015
Venezuela,69.841,78.367,79.998,79.672,57.826,59.865,60.877,46.854,60.378,44.672,48.391,53.382,60.4,59.865,58.357,77.427,70.536,85.667,91.905,97.239,117.676,123.156,95.57,83.67,112.189,143.29,177.531,221.817,289.741,237.294,294.282,334.069,331.457,234.401,212.347,242.596,236.116,210.085,100.845,92.417,85.343,81.949,78.146,73.969,2016
Vietnam,27.847,13.875,18.405,27.726,48.177,14.999,33.873,42.045,23.234,6.293,6.472,7.642,9.867,13.181,16.312,20.798,24.692,26.892,27.234,28.702,31.176,32.524,35.097,39.563,49.52,57.648,66.393,77.52,98.269,101.634,112.771,134.598,155.565,170.565,185.897,191.454,201.309,220.408,240.779,264.939,290.621,316.841,344.708,373.795,2017
Yemen,n/a,n/a,n/a,n/a,n/a,n/a,n/a,n/a,n/a,n/a,12.644,14.665,17.959,21.737,28.019,12.796,6.496,6.838,6.322,7.639,9.679,9.853,10.693,11.778,13.868,16.732,19.063,21.651,26.911,25.13,30.907,32.726,35.401,40.415,43.229,34.602,20.901,16.511,13.84,17.452,21.331,22.46,23.635,24.903,2008
Zambia,4.246,4.385,4.232,3.653,3.003,2.848,1.962,2.431,4.095,4.365,4.085,3.69,3.614,3.549,3.657,3.799,3.599,4.303,3.538,3.405,3.601,4.094,4.194,4.902,6.221,8.332,12.757,14.057,17.911,15.328,20.265,23.46,25.503,28.046,27.151,21.243,20.941,25.504,26.228,27.217,28.497,30.198,32.203,34.457,2016
Zimbabwe,n/a,n/a,n/a,n/a,n/a,n/a,n/a,n/a,n/a,n/a,8.78,8.18,6.746,6.552,6.889,7.152,8.758,8.99,10.473,10.187,9.816,9.732,9.292,8.287,8.193,7.83,7.047,6.738,5.805,8.367,10.067,12.072,14.058,15.224,15.834,16.072,16.117,17.491,19.395,21.067,22.676,24.439,26.412,28.361,2013